Name ,,E-mail,,,Password
Chandu,chandureddymitta39@gmail.com,,,,Chandu3
Bhavya ,bhavya@gmail.com,,,,Bhavya4
Pratyusha,pratyusha@gmail.com,,,,pratyusha
kamal,kamal@gmail.com,,,,kamlal4
ganesh,ganesh@gmail.com,,,,ganesh5
ajay,ajay@gmail.com,,,,ajay4
Nikethan,niketan@gmail.com,,,,nikki
mani,mani@gmail.com,,,,mani5
vasavi,vasavi@gmail.com,,,,vasavi3
siri,siri@gmail.com,,,,siri4
nandini,nandini@gmail.com,,,,nandini5
